lat_idx,lon_idx,NDVI,NDBI
0,0,-0.00890066796454162,0.010425502237172599
0,1,-0.009350218529388025,0.011069476746312099
0,2,-0.01078918961291442,0.010624893653047574
0,3,-0.021272547126078754,0.012913410847208855
0,4,-0.026965632415162005,0.013864259145556907
0,5,-0.04948330220239257,0.011682007261091063
0,6,-0.06091299942093635,0.011362317655664875
0,7,-0.05946283532094619,0.0156369652017146
0,8,-0.06802638311361815,-0.008840273876989846
0,9,-0.06190600448385523,-0.05956603084065651
0,13,0.052815851094944896,0.1431659468017274
0,19,0.2496547359255314,-0.07430881645634853
0,20,0.2527145150495894,-0.07576882364864346
0,21,0.278988894050169,-0.124484278523567
0,22,0.17361756871871858,-0.10820439861556576
0,23,0.14302909821660403,-0.06894352678629523
0,24,0.22054912422493825,-0.08700173292528816
0,25,0.36047583710404957,-0.14677675487979625
0,26,0.34617271836782826,-0.12377793915444113
0,27,0.2752461394333016,-0.08771623608796893
0,28,0.26172409356314796,-0.08786547179282773
0,29,0.2772378242031073,-0.09474813596696728
0,30,0.3088165601312898,-0.12055948749152579
0,31,0.3518500588641307,-0.16115843139596078
0,32,0.3479819152032005,-0.14699792197279238
0,33,0.4121991185635173,-0.20007886734468394
1,0,-0.009689744729009292,0.009552010350019574
1,1,-0.01006394759243173,0.009725940869776344
1,2,-0.013481256456333355,0.010005101872646437
1,3,-0.016566728059798815,0.011682978726284756
1,4,-0.016545842586512774,0.013129737224708388
1,5,-0.04171309959131229,0.011428240719249744
1,6,-0.05412694774353046,0.009927996590727788
1,7,-0.0510261637428083,0.016873886738695023
1,8,-0.07188483261896711,0.01128089643179126
1,9,-0.05937245214195617,-0.021822470905683105
1,10,-0.03544905277747603,-0.02910313097617581
1,17,0.12293025197503364,0.0013967251776881601
1,19,0.2966201312376178,-0.09784439357873051
1,20,0.23475930969061795,-0.0582791419759371
1,21,0.24827855451579142,-0.06472235054710632
1,22,0.3546449278938563,-0.13998567587052
1,26,0.3871003654904557,-0.15889331390866782
1,27,0.3115996858122502,-0.11111596465159337
1,28,0.3219928291451447,-0.11997699895490835
1,29,0.362216471658359,-0.16146865675193653
1,30,0.3799596735741861,-0.15359198522818365
1,31,0.32243588871933626,-0.12265673032167318
1,32,0.3293209835998888,-0.15003557213853977
1,33,0.41325956145758347,-0.19931582704116213
2,0,-0.0093710207323689,0.008407053854601198
2,1,-0.011100565645596626,0.008662066270706691
2,2,-0.014000848527490626,0.009783515139162525
2,3,-0.018010748984918314,0.010363749213873626
2,4,-0.01680669777608244,0.01024950526665151
2,5,-0.014930897103816463,0.014637883677990344
2,6,-0.02305228114957776,0.020730495113384647
2,7,-0.030187129411797808,0.018848162088952555
2,8,-0.04569413795644958,0.016886706647284404
2,9,-0.0655525649350101,0.012755445223939213
2,10,-0.07502944099327687,-0.03185969539872088
2,11,-0.005975468229779322,-0.04109644256617104
2,14,0.1433395354545777,-0.0053323968088896
2,15,0.16441387967414695,-0.0172460534068619
2,19,0.32639372083779455,-0.12659747247014683
2,20,0.272036085536953,-0.08557175335886204
2,21,0.22138092404011153,-0.07971377874872242
2,22,0.22860673300161505,-0.08423455185701685
2,23,0.34778754863197703,-0.12435464876917886
2,24,0.4262759642813338,-0.21187293194479748
2,25,0.4103989907576767,-0.21038529654370192
2,27,0.2596736109799198,-0.03839523849752508
2,28,0.34809067371357194,-0.1741628943381559
2,29,0.3110920255255838,-0.1103580089337648
2,30,0.3796469972931446,-0.15945218475187348
2,31,0.38445718044904437,-0.17393341748447008
2,32,0.3980571302330466,-0.20197246349660877
2,33,0.430346847730908,-0.2260979357254134
3,0,-0.009807083660587126,0.008248802642791002
3,1,-0.012149100870893026,0.007988754542313898
3,2,-0.015152182585877387,0.00801040362393127
3,3,-0.021051357941059348,0.007798441499227308
3,4,-0.018225353100040056,0.009447899073701749
3,5,-0.016558166138009832,0.011694874941849908
3,6,-0.023055329613931246,0.020929793922023487
3,7,-0.024354364917229948,0.02451645133142413
3,8,-0.029929637317930663,0.024322940164369245
3,9,-0.04122561404379936,0.021448734573991046
3,10,-0.06771073122179602,0.014326013503119111
3,11,-0.03951311388053049,-0.011045648818187844
3,12,0.0031906838138081456,0.007395697638851551
3,14,0.13501720246915405,0.027764903121584777
3,15,0.1387781465136527,0.04401956943829045
3,17,0.10557653170161503,0.0535952646546477
3,19,0.14099874837350565,0.030372717045165316
3,20,0.20083740629766625,-0.03086904514093229
3,21,0.28978742440915484,-0.16481067654075746
3,22,0.2748099818023615,-0.14009942944794546
3,23,0.3175329945033929,-0.1049589399275513
3,24,0.39679579407714677,-0.18123288431668236
3,25,0.37279194782312675,-0.17305971212142046
3,26,0.37021272012167733,-0.15773136943166832
3,27,0.411081729261382,-0.20052843601886017
3,28,0.40978551649206185,-0.2038609766511603
3,29,0.4032001599629913,-0.1865341692018412
3,30,0.3843798938373461,-0.18212256346464228
3,31,0.4061741578741748,-0.1515913110826934
3,32,0.3605122506910447,-0.1912726807352921
3,33,0.24989232744764822,-0.19564014652634
4,0,-0.01143798769925699,0.008963225420250883
4,1,-0.012827705242724538,0.010072720574730685
4,2,-0.015824596246933133,0.00895548413584893
4,3,-0.01692998278796267,0.010247129016085094
4,4,-0.011844913247766403,0.011331100112375345
4,5,-0.03486240463928445,0.01091571675921274
4,6,-0.04556058091303352,0.010317257920203361
4,7,-0.03701182568347117,0.015235895605980427
4,8,-0.02758486248024533,0.02826921733979801
4,9,-0.03048167247558883,0.026169135485829637
4,10,-0.04918888101740016,0.02445666887649381
4,11,-0.061950288607249694,0.012443281500073405
4,12,-0.03952587505290753,-0.0205792669496211
4,16,0.0159046939767572,-0.020141622222178003
4,18,0.0595937012433449,0.0184169746096078
4,22,0.383142239773657,-0.17250780370579216
4,23,0.40724132965558935,-0.19434969130166704
4,24,0.4194902486446612,-0.2082356897131428
4,25,0.2541398733495729,-0.03598508781938273
4,26,0.41646742900300143,-0.20462520146719934
4,27,0.40580080215980185,-0.19682042974239236
4,28,0.4062648284908366,-0.20016814765014931
4,29,0.42749875136159216,-0.2234540235404486
4,30,0.41553374664631615,-0.1966794709160834
4,31,0.40113882756815933,-0.18135786680601695
4,32,0.34885032234259344,-0.18808360212835432
4,33,0.2748835185128471,-0.1847416459004539
5,0,-0.00890948705610166,0.008383695767816004
5,1,-0.012806436018573394,0.010135352869134345
5,2,-0.014011589892449397,0.012675321805723254
5,3,-0.015252479456144358,0.013761010437104917
5,4,-0.016852680458642577,0.01346571295544055
5,5,-0.03036248058474658,0.011948960250258305
5,6,-0.04131490616840478,0.010749203178589099
5,7,-0.03668098533471246,0.012462450288506935
5,8,-0.025558370180346356,0.018987170273325155
5,9,-0.028910893446834472,0.023102794697754708
5,10,-0.03450867214518923,0.024005210396492574
5,11,-0.05032251311311985,0.02048204056687911
5,12,-0.04272178828470758,-0.00975078630045299
5,13,-0.03281538965318271,-0.019037158301922066
5,18,0.14675097034606285,0.0003012256811993714
5,22,0.2259308930373187,-0.12721553439256458
5,23,0.27682343469601217,-0.1360955172795825
5,24,0.34465707931636036,-0.15238505518742357
5,25,0.3881150589832896,-0.18263715010344428
5,26,0.41753054503258374,-0.20097897623226668
5,29,0.4160849951495185,-0.22196965285970835
5,30,0.4027077306309738,-0.19909999620394203
5,31,0.38360594560005434,-0.1927585123336786
5,32,0.3920554680149697,-0.19058317199623892
5,33,0.2756992860707499,-0.14834264545880085
6,0,-0.006375032905068551,0.008838375032369136
6,1,-0.010370652808158689,0.010173453860794603
6,2,-0.014171636607412483,0.01056009560024244
6,3,-0.015639356326648868,0.01235629609849917
6,4,-0.01963527679078705,0.013822947275487092
6,5,-0.027772844162821754,0.014029245222423
6,6,-0.04002262264096962,0.009683805893236355
6,7,-0.04610994763012497,0.009906654877809814
6,8,-0.039332181585200715,0.012497109858311917
6,9,-0.04465510040851882,0.01280988080927333
6,10,-0.05932298372813606,0.01148412762570307
6,11,-0.05376104075918394,0.025186164208884983
6,12,-0.06363123858625501,0.01017858805267999
6,13,-0.050101970309116665,-0.016762080920183872
6,14,0.1241958500011696,0.0562450903377847
6,18,0.04117310083816173,0.07428228831073318
6,19,0.08788419268325309,0.04392785262584403
6,26,0.4137480243889382,-0.19345092411376247
6,27,0.41403195080015187,-0.19179577089497724
6,28,0.4050711546035034,-0.18729565872507448
6,32,0.3975539265623217,-0.18323117358713464
6,33,0.390523278237362,-0.17932007947773235
7,0,-0.008284910071033552,0.009309102070414197
7,1,-0.011820708528366366,0.010548552768861562
7,2,-0.012809356688792774,0.010468754268875901
7,3,-0.016820524535930744,0.009621423380714365
7,4,-0.017614586109112283,0.008823729996366592
7,5,-0.019535038653909157,0.013747506840291914
7,6,-0.025129179651948608,0.014749506576448733
7,7,-0.026159938202559227,0.014895991676763443
7,8,-0.031511989333539187,0.01626041327734236
7,9,-0.04835306028921802,0.01706239783605984
7,10,-0.06022068884755072,0.009787041254964993
7,11,-0.05817690573312111,0.011902016687559957
7,12,-0.06446029976211175,0.018244065729715098
7,13,0.04336879297021887,-0.04240095765620485
7,14,0.2492664835283511,-0.07313383360248801
7,18,0.0672105811738489,0.0800570065371626
7,19,0.1393600948574269,0.0511260472079763
7,25,0.41819675624908165,-0.19081119650895806
7,26,0.41060501410761807,-0.1843037599826344
7,27,0.40809990109230293,-0.187201640027943
7,28,0.4024564682096025,-0.18762193912667063
7,32,0.41541847032020074,-0.20540678889986652
7,33,0.41864067635431873,-0.21298709067645125
8,0,-0.007877110560593934,0.01044124200222407
8,1,-0.009332273468144397,0.010825111457254906
8,2,-0.011768145743359652,0.010893861958506411
8,3,-0.012985526632896965,0.010140897422547687
8,4,-0.018767899777499705,0.010134113299393874
8,5,-0.021927658986788515,0.00943453369152291
8,6,-0.020681814188990236,0.012619488016300326
8,7,-0.027175530572496772,0.013826846611128096
8,8,-0.03878978839101561,0.016411209734252405
8,9,-0.044842295637605625,0.015934756545005885
8,10,-0.04837295303814702,0.0020578106840298056
8,11,0.18404800931972654,-0.0671663589038674
8,12,0.2504741005436429,-0.08160002491893611
8,13,0.2834631369527376,-0.08496401278054654
8,14,0.38121510406045245,-0.17573973967744091
8,24,0.38228241292883075,-0.16536327928055347
8,25,0.38188326521366683,-0.18969055788593758
8,26,0.4435872827443888,-0.2309332389915657
8,27,0.4600977109459437,-0.25083810127008194
8,28,0.4914957554386992,-0.2962478273493528
8,31,0.4163913275537565,-0.20283806042849403
8,32,0.410776297036292,-0.1990912791593513
8,33,0.4157974030740741,-0.20372488777119602
9,0,-0.008327866181849428,0.011264375728188045
9,1,-0.009437662301632585,0.012334982129713358
9,2,-0.008521084900874281,0.011365831907776078
9,3,-0.010762793118997147,0.011281747629951924
9,4,-0.014547929540426531,0.01047491430093075
9,5,-0.01708068573793571,0.008735013779973148
9,6,-0.021793147951254904,0.008786914597813755
9,7,-0.02748891763130283,0.0098245999520031
9,8,-0.03513611682615985,0.010609294372769059
9,9,-0.0376696432098221,0.014204446252826335
9,10,-0.028727922191007112,0.0023415862730603314
9,11,0.15098390686961255,-0.10575550427712575
9,12,0.3721482853593927,-0.18481066943126057
9,13,0.3376760254395595,-0.13683275159914002
9,14,0.30891256800097183,-0.11206880261735931
9,15,0.3073795069913247,-0.10450226396292679
9,16,0.2839076594292232,-0.09472513709943083
9,17,0.22437829792769087,-0.06687022307261915
9,18,0.3352377997085515,-0.12056524503814027
9,19,0.4290478533511646,-0.21933420104935095
9,20,0.4159774778249949,-0.21209059775624295
9,21,0.4155258469164735,-0.23478852711218232
9,22,0.29679637532220005,-0.11881236061973917
9,23,0.23819201054132183,-0.05732034320655543
9,24,0.2496738141597357,-0.08449969535281715
9,25,0.4672512182891357,-0.2502748372953548
9,26,0.44778191583738364,-0.2467473082809349
9,27,0.39023235086063734,-0.20533969571619623
9,28,0.38330117019899773,-0.19367102035207506
9,29,0.37878033292197466,-0.2004566965604678
9,30,0.3616953901774076,-0.11374705812542467
9,31,0.4055749348133569,-0.17746846642749317
9,32,0.40764205146974447,-0.2036422549724002
10,0,-0.0077887792953363925,0.010011996163409155
10,1,-0.0073900939938667835,0.010143269501310764
10,2,-0.008640133055077888,0.010972507089963385
10,3,-0.010660869197297097,0.011575666664159477
10,4,-0.013117802443011027,0.012647735723264287
10,5,-0.016587215158327992,0.010733349350027538
10,6,-0.020785360137730816,0.010580539520671688
10,7,-0.024660837716921447,0.009146355512090166
10,8,-0.030727188828774312,0.01017951973225404
10,9,-0.0399515754615324,0.014404097227204125
10,10,-0.07108701753030441,0.010798959374510878
10,11,-0.07629893594510306,0.006351106293659469
10,12,0.07959502016726466,-0.055275792536498274
10,13,0.34979530574118195,-0.1596690536564287
10,14,0.26851026763583435,-0.06916448262837406
10,15,0.2561457942664365,-0.059480976758325456
10,16,0.21762876879048113,-0.033964985498221544
10,17,0.21135715507467823,-0.02767103033361914
10,18,0.3216557275344813,-0.1281507176914067
10,19,0.3220971347943236,-0.12225488267781139
10,20,0.40768189588665293,-0.19683760651444188
10,21,0.23305444885532836,-0.0553467790545343
10,22,0.4375222364971199,-0.25709619948477674
10,23,0.44219876149636306,-0.25250419889145687
10,24,0.3080058346532347,-0.11565999618557528
10,25,0.31702275693398063,-0.12139600679408354
10,26,0.3155381241911914,-0.11662672989967746
10,27,0.302590837877584,-0.12256488659411795
10,28,0.3474455805237023,-0.16101057361043783
10,29,0.38064874518096997,-0.1930034939411851
10,30,0.3863087742433541,-0.15035681508406562
10,31,0.38463337885600385,-0.18650947691544276
10,32,0.3731096855275227,-0.14189142816650202
10,33,0.4047650109444524,-0.21246524305706338
11,0,-0.0061764957862685665,0.0102264638997918
11,1,-0.006810479484036541,0.009827504602686044
11,2,-0.008995253117705226,0.010510696510627431
11,3,-0.00920715836912078,0.009665946991927759
11,4,-0.009616262442162711,0.009182638214365012
11,5,-0.009623854999917277,0.010028036158122368
11,6,-0.010480580698763467,0.010288790561955048
11,7,-0.011836032718128447,0.009356054368872135
11,8,-0.015569778674801815,0.0074893640361855356
11,9,-0.025005703104815855,0.00917182034437255
11,10,-0.047202825771633775,0.010602520342515563
11,11,-0.060017697297184563,0.01622806925522302
11,12,-0.06995507352245628,0.007958393410570896
11,13,0.0912949327185874,-0.05937121864493136
11,14,0.2685959923576369,-0.08640814494521892
11,15,0.3243088285888119,-0.10878374570105662
11,16,0.29978725663131806,-0.07209638418111583
11,17,0.278496506316709,-0.08103443528475415
11,18,0.2611688345740858,-0.06803601559498944
11,19,0.24371734442716345,-0.06042007544436342
11,20,0.3472595357394286,-0.13094445898873897
11,21,0.3505617036944116,-0.13267302275375775
11,22,0.4601578672020349,-0.25218747651191475
11,23,0.44273821130070196,-0.23253875595144535
11,24,0.31127120174288936,-0.11850484779617966
11,25,0.3640322148349381,-0.17447504116759383
11,26,0.3300917914163241,-0.14525181451953473
11,27,0.4318698019384311,-0.23512778460272601
11,28,0.43401478057197634,-0.25323544000370796
11,29,0.43476775170005955,-0.25565448090380166
11,30,0.40091957962189195,-0.17368028619735196
11,31,0.38687642543907586,-0.15864287808192093
11,32,0.43393302975975967,-0.22416727640905623
11,33,0.4225259984053002,-0.22060960618142408
12,0,-0.00650778979653912,0.01065808500846953
12,1,-0.0075362353318269085,0.009910068359051491
12,2,-0.008450549147172536,0.009358121552031412
12,3,-0.009676592812775494,0.009193235323010066
12,4,-0.009885037834226456,0.008258241768409332
12,5,-0.011073710875340897,0.009000699448167776
12,6,-0.011070537496460161,0.009736274391779908
12,7,-0.010235772917125343,0.009699806786087804
12,8,-0.013258174776946961,0.009690736264683348
12,9,-0.02401559436331974,0.008758363531274651
12,10,-0.05204150329760848,0.00859004300411314
12,11,-0.0634063089597215,0.01115130805632673
12,12,-0.0345525879522481,0.0065410407147863435
12,13,0.1060615513752907,-0.03705988064523484
12,14,0.24526106983686807,-0.08430109476476536
12,15,0.3305999046238323,-0.14356464596391494
12,16,0.30337814443020816,-0.09384348155716148
12,17,0.3570273848324555,-0.14757183403716528
12,18,0.39703993048351843,-0.19254689560438784
12,19,0.3920160905274763,-0.17199430210151812
12,20,0.42361322538217433,-0.206569325490836
12,21,0.3299062459197408,-0.12035979033517444
12,22,0.4065504838335153,-0.19666646168826601
12,23,0.42032693066090127,-0.2173957789279109
12,24,0.3695006678714807,-0.15052105537528082
12,25,0.30018655497669167,-0.12628101379685325
12,26,0.21689671042833059,-0.06526886432339786
12,27,0.17489422653965447,-0.04919524773414471
12,28,0.3819679871490835,-0.17611239801852627
12,29,0.4190980519747601,-0.20618944332192735
12,30,0.39731950110429654,-0.17306927336338188
12,31,0.45227285525299254,-0.24738681096557769
12,32,0.4535859438841171,-0.2532345515593514
12,33,0.4376371742538681,-0.23249476117306675
13,0,-0.005914636818162108,0.0097342959594582
13,1,-0.007611922440405104,0.009196977496662246
13,2,-0.009341833442716259,0.00836219667479182
13,3,-0.008495021982156434,0.008289662001959462
13,4,-0.009601132959087653,0.007764236818769721
13,5,-0.013113352608742801,0.007220821981791687
13,6,-0.015309273712215696,0.00783634706659602
13,7,-0.016375006767389812,0.009422554660404339
13,8,-0.019121711297939423,0.008955802788743106
13,9,-0.022492762466574417,0.008918851716733381
13,10,-0.02242869565444943,0.008953118412017283
13,11,-0.042628069688974014,0.008840428384928217
13,12,-0.04629833472607588,0.009879151939015595
13,13,-0.019655193889923355,-0.010877465706964231
13,14,0.03081049255799177,-0.028734274517971857
13,15,0.22773197909239726,-0.08623786174104128
13,16,0.30124496508807075,-0.13028080632697198
13,17,0.16101306478231986,0.001220753154109879
13,18,0.30550179230347146,-0.11703108274617575
13,19,0.3929892597271198,-0.1821959600626936
13,20,0.4082422193849762,-0.18924488645825388
13,21,0.3483015804507492,-0.1373580888532483
13,22,0.4164253666808858,-0.20056274416193226
13,23,0.4092875022947714,-0.19782978694182743
13,24,0.4079463264371707,-0.20307210599204376
13,25,0.14267738330930949,0.0075208943823978905
13,26,0.2146455116417442,-0.026070396893977277
13,27,0.33517423433227905,-0.13555916050800063
13,28,0.39887203173531444,-0.1996584309579522
13,29,0.43238945374017784,-0.21497490020901544
13,30,0.4275334029643827,-0.2182135218843891
13,31,0.43303107199385443,-0.22451200566743443
13,32,0.43506683269881047,-0.22489766992511578
13,33,0.43271205414103514,-0.23673962509570542
14,0,-0.006211127935953139,0.009732439674207715
14,1,-0.005900782842736001,0.009397589373929652
14,2,-0.009794992235945328,0.009055920866840327
14,3,-0.009599282600833134,0.007666072696038809
14,4,-0.011336495543707947,0.006305668686040439
14,5,-0.012945753048276673,0.0060811296902315536
14,6,-0.019139868784473633,0.0062426406456481745
14,7,-0.027590786940197523,0.006665703763970563
14,8,-0.028843631662451914,0.006255761127872986
14,9,-0.022963831015883777,0.009897537360036797
14,10,-0.034459819784868874,0.011711607839984366
14,11,-0.03213504941187161,0.013007014703900885
14,12,-0.04180227642076382,0.007693794604851043
14,13,-0.039733025834760065,0.005371619169300335
14,14,-0.017610046247540846,0.001177351295890506
14,15,0.17578889387700528,-0.08376758677004424
14,16,0.26253078308608413,-0.10805425150259
14,17,0.10201536080111481,0.0274971971926404
14,18,0.15399472365880557,0.0036222118719250167
14,19,0.25250539972053754,-0.06186054552529937
14,20,0.39824553405389235,-0.18029954554239894
14,21,0.3887877557438342,-0.1692423686028248
14,22,0.35791531532714754,-0.14113767382600906
14,23,0.4061289930723942,-0.18959000805248544
14,24,0.409506363908995,-0.19071062740273095
14,25,0.3148641084017644,-0.1228115921752558
14,26,0.32450487258398236,-0.13037118430789774
14,27,0.36957048497804984,-0.18319354313388367
14,28,0.28879830200125095,-0.12487500527654243
14,29,0.4090825980863679,-0.2128192723797862
14,30,0.3753579350126407,-0.12986885034652207
14,31,0.4305578549525366,-0.21849479085033716
14,32,0.40771655913818605,-0.1873385828692105
14,33,0.4230385683583303,-0.21390362267762802
15,0,-0.006501411511961799,0.010133031038748047
15,1,-0.0062323909259786965,0.010064338586617629
15,2,-0.007971417877194742,0.00888724740639576
15,3,-0.01083952663495798,0.008414764690608995
15,4,-0.011098126768115833,0.007878995121993235
15,5,-0.01177771840177261,0.006991373346666518
15,6,-0.016733383064753353,0.007875230140362156
15,7,-0.022116823913007906,0.007843832234167807
15,8,-0.020627088936284316,0.009548376226376205
15,9,-0.03552648511626157,0.009691187243742974
15,10,-0.02440085419067967,0.012880398487426538
15,11,-0.024535425371879457,0.011321369423706956
15,12,-0.016275295055589417,0.01138435516524269
15,13,-0.01307090919966821,0.01232673726022444
15,14,-0.019979274993587717,0.010253219408418153
15,15,-0.0382257308761532,0.008299160168444735
15,16,0.06382981349323087,-0.049949864501575354
15,17,0.271589571516462,-0.08288234731947654
15,18,0.2019768728509562,-0.06518650370647773
15,19,0.2272290418858261,-0.03630018106495903
15,20,0.24079725176972788,-0.025235016626522624
15,21,0.2311050190380258,-0.03948144748791205
15,22,0.37135306597765966,-0.14608000554714135
15,23,0.33308709175959345,-0.12338235547742617
15,24,0.3609243727294601,-0.14343331936093237
15,25,0.3353878742377894,-0.11775829033631303
15,26,0.2440821022381375,-0.07792633304214597
15,27,0.37122026076065734,-0.1860776379432244
15,28,0.44110385748076775,-0.23974113521501658
15,29,0.3973670110473079,-0.1849837378242412
15,30,0.39635964756974074,-0.18671442950338954
15,31,0.3953782495336145,-0.17322694762980112
15,32,0.4036707340819949,-0.18241220490885768
15,33,0.4315441486215851,-0.22765168623201323
16,0,-0.003958510953600052,0.010271599686651348
16,1,-0.0042950670005320515,0.010168273449325617
16,2,-0.00561514258676442,0.010254982622806325
16,3,-0.00977093034100095,0.008073297070984876
16,4,-0.009444435254772624,0.008279823061736755
16,5,-0.010820991409411448,0.008188568212564078
16,6,-0.013588651901570402,0.008669809963668397
16,7,-0.016375965224439907,0.009311367432495853
16,8,-0.01725060244736997,0.008300130196559053
16,9,-0.018739248929020007,0.008401185390480428
16,10,-0.013308601306386884,0.011326723556302732
16,11,-0.01569715238637696,0.010828333098039388
16,12,-0.01637308475917331,0.012207845180130362
16,13,-0.02764975513462275,0.01250477616729063
16,14,-0.021714011206180796,0.014199178209512752
16,15,-0.05098326440052374,0.014118722976408137
16,16,-0.04309253964586471,0.012397108587040745
16,17,0.06029724526277994,-0.03583223034376479
16,18,0.3164762099950792,-0.10587004672278438
16,19,0.15380499539883796,-0.01427301104781604
16,20,0.1809095917805924,-0.0009707594447340522
16,21,0.16753762272423214,0.015354634452272057
16,22,0.20102780458888977,-0.013501516403877421
16,23,0.30189733533207047,-0.10364550130879653
16,24,0.27206929397816154,-0.06930935265614235
16,25,0.23834252296640202,-0.03652140769789531
16,26,0.28537556345421,-0.10617048973108063
16,27,0.3444871541179436,-0.16946674540552578
16,28,0.39721555570062683,-0.2068887273269654
16,29,0.4124087351984778,-0.21250713157612247
16,30,0.4158531874926629,-0.21572019179360705
16,31,0.41622627532089607,-0.2339338607350941
16,32,0.43206552386358815,-0.23708531908375183
16,33,0.37242194924466226,-0.16366395760981664
17,0,-0.0038824648922487696,0.010111104932259248
17,1,-0.003431741645286649,0.01040799694268783
17,2,-0.00474836061477851,0.010275972015337007
17,3,-0.006184324029798281,0.010152525657430425
17,4,-0.007554019915923931,0.00902592432620896
17,5,-0.009183866746127952,0.008461257145698274
17,6,-0.012592981057814938,0.00894999678953488
17,7,-0.012715989932202968,0.009239248716758441
17,8,-0.013659569400598147,0.009924060434012293
17,9,-0.014180525143691562,0.010065442834982655
17,10,-0.011746805975682437,0.01034009777817699
17,11,-0.008091380141335966,0.010729911504261882
17,12,-0.009097292076340604,0.01620354606972538
17,13,-0.01273748947751753,0.01816048371427535
17,14,-0.01710574027853414,0.018627217707895112
17,15,-0.02667432171541267,0.01454194930934685
17,16,-0.03988813884498356,0.014475847003391117
17,17,-0.0678762940973419,0.0022621024555712723
17,18,0.1629589055184733,-0.0547451633884081
17,19,0.22574571870923055,-0.05404402793856403
17,20,0.14444004255767784,0.019737469653100255
17,21,0.18546741452322632,0.006287196178411079
17,22,0.17360275973834496,0.007362201678692057
17,23,0.1714377288884656,0.010477740886015786
17,24,0.19545272946351125,-0.037005555290412315
17,25,0.21763953460508892,-0.035155144751053226
17,26,0.2515219019816079,-0.08940525012739516
17,27,0.31286588963276807,-0.10183209018082691
17,28,0.4009291444253172,-0.19340866418018227
17,29,0.4338871512933485,-0.23143414161744338
17,30,0.4549635643321822,-0.26005079279744076
17,31,0.425240226383288,-0.22066082691318167
17,32,0.4200948089382784,-0.2022967258191485
17,33,0.4054701620585907,-0.1771660169953105
18,0,-0.004192061081968991,0.01054143807681203
18,1,-0.004144923933601178,0.010410488767906963
18,2,-0.004494639451519875,0.010180812058974698
18,3,-0.005785367465700075,0.009920687738118448
18,4,-0.006801809062779464,0.00959787314106473
18,5,-0.008091416144774613,0.008415683042529072
18,6,-0.009861468498538457,0.008712434494208353
18,7,-0.012131076113040594,0.009291775705607973
18,8,-0.014733921140578463,0.009602670311111191
18,9,-0.01420228259889569,0.010770134972989025
18,10,-0.012203991375945904,0.011697855520858936
18,11,-0.014700359102425058,0.0113616951034717
18,12,-0.01296711994058759,0.017851891386668706
18,13,-0.012417807734135802,0.01782697714048199
18,14,-0.015806535894100568,0.021670339777545757
18,15,-0.01957393801971787,0.02291458253766878
18,16,-0.02384101301207204,0.017564784251629537
18,17,-0.033451321167310547,0.009660668401791922
18,18,-0.032651380152647576,-0.002954783854115769
18,19,0.28298937740737323,-0.09488390921680481
18,20,0.15121758068323488,0.0012107635478614054
18,21,0.152820767649715,0.020150003874081304
18,22,0.20438817001686346,-0.010716356030022332
18,23,0.1901905317277289,-0.002903459275129456
18,24,0.21614179249677026,-0.013417537300796048
18,25,0.19936775111898222,-0.019386082379935478
18,26,0.2019615679857589,-0.00893407199331966
18,27,0.3055863170230327,-0.1381946453586258
18,28,0.36170772992797023,-0.15182969841051805
18,29,0.31552491601889565,-0.0865781947964828
18,30,0.24737913503496722,-0.026421247473645094
18,31,0.3402238769048783,-0.1482824817396755
18,32,0.4145126453114666,-0.21151055949095596
18,33,0.25300418874606506,-0.055690542152077506
19,0,-0.004549534692812565,0.011196777884094565
19,1,-0.0026975860068614624,0.010282108735570426
19,2,-0.003953063622684967,0.00997525548024812
19,3,-0.0038572425234846422,0.010350102730561748
19,4,-0.006804816186321971,0.010632608782585066
19,5,-0.008598793495159775,0.009142950690542627
19,6,-0.008910572123911853,0.009709525532303215
19,7,-0.013592662796596678,0.01003760416086472
19,8,-0.013283715789367817,0.010732548801668143
19,9,-0.015967908167539166,0.010669932585720632
19,10,-0.015387174174037241,0.011196176946615692
19,11,-0.017228975932061266,0.011509273184193489
19,12,-0.02291110475502813,0.013448766920533097
19,13,-0.01785914883305672,0.0142605755539234
19,14,-0.023771468334969275,0.017300556215074574
19,15,-0.018177714066420575,0.01822160035165899
19,16,-0.022384576706330934,0.017713218427519484
19,17,-0.026045655802664696,0.016360806349348826
19,18,-0.03904843320333818,0.0103533007097066
19,19,0.13678188996075238,-0.09052687357699105
19,20,0.31118789204565867,-0.14182081691272425
19,21,0.15043895841541596,-0.008392120131971591
19,22,0.2246045361418299,-0.024162516175872235
19,23,0.2558791636341148,-0.037251585394455784
19,24,0.23581904222694777,-0.023655872939564896
19,25,0.19283199152387379,-0.0105139026874655
19,26,0.2366347672230285,-0.042931958098883165
19,27,0.30354393638048727,-0.13152723016051854
19,28,0.36073019951989,-0.15773998275347276
19,29,0.3335071517525484,-0.12812053646064353
19,30,0.2814547761277887,-0.10942252722103644
19,31,0.3542008549958652,-0.17278599689125096
19,32,0.32811867253633786,-0.14886314509028667
19,33,0.2542040036806558,-0.0628653558716114
20,0,-0.005472814362203055,0.0117421454381863
20,1,-0.0013862682103028567,0.010854443147822804
20,2,0.0009630958529051294,0.010588151681997343
20,3,-0.0037546314686845365,0.010720871243747711
20,4,-0.004036567643830321,0.010784174237125042
20,5,-0.007783116817565668,0.010612315835990952
20,6,-0.012261456104552364,0.009871070653683518
20,7,-0.014955753286459478,0.009578290233265464
20,8,-0.012815024215863072,0.010756429214488111
20,9,-0.010852649384769012,0.011625397626833858
20,10,-0.011803771238230981,0.011796280099885295
20,11,-0.012821219717185034,0.011811498353668046
20,12,-0.02103338139638538,0.0121163904068484
20,13,-0.022302625047714908,0.012831534032552595
20,14,-0.01946390460534289,0.01624881072907332
20,15,-0.038800649721589385,0.014129103319969763
20,16,-0.032490791905869794,0.015318199773725194
20,17,-0.02294995326674629,0.014207641628968775
20,18,-0.04204005606427813,0.012595839425710503
20,19,-0.03213987588556857,-0.007252612909363817
20,20,0.3706397677806373,-0.1843535109376603
20,21,0.2668340119560761,-0.11648244443098164
20,22,0.1518777990717128,0.018479981799090172
20,23,0.1347411189467745,0.021830742787099518
20,24,0.21008231671581756,-0.02654026429822623
20,25,0.22523638096376275,-0.03880347566546452
20,26,0.2971950140879929,-0.09238473579216133
20,27,0.3690417505332179,-0.1944934075908431
20,28,0.3560415563608935,-0.1592669081903167
20,29,0.31190704771316435,-0.12825095602567071
20,30,0.22421886358914367,-0.07465308433258731
20,31,0.30689114949176244,-0.1277814666806322
20,32,0.3141710841516316,-0.12836382983684919
20,33,0.21489288215488497,-0.04274114714315319
21,0,-0.00568437918020444,0.012591754004993856
21,1,-0.0013224157252996126,0.011020242580300776
21,2,0.0013271914160364426,0.011473527849173912
21,3,0.0008459623155828142,0.010932101288664156
21,4,-0.004283988945599083,0.010505287815602836
21,5,-0.007100257875412088,0.011263549589740672
21,6,-0.010111666181670254,0.011149070728903561
21,7,-0.013956261827368609,0.010306620344627343
21,8,-0.013894052091531196,0.010573497396015218
21,9,-0.011289086325356919,0.011557124707719562
21,10,-0.00942195761778853,0.011672251333284443
21,11,-0.012055244644804088,0.011371941329122146
21,12,-0.019619929090911672,0.012379422671898411
21,13,-0.018332330230334634,0.014102759324422183
21,14,-0.022445307425803293,0.015223229574813904
21,15,-0.0326235732584835,0.01421272568642734
21,16,-0.022042695299208527,0.017085593917895738
21,17,-0.02487226129562589,0.01354566793091162
21,18,-0.043524644718412706,0.010148253267210694
21,19,-0.05110819394892366,-0.0045750609096860155
21,20,0.2220766403792868,-0.12733978379305336
21,21,0.33360688855381215,-0.16430788772651572
21,22,0.2143398531202594,-0.03252246798260836
21,23,0.11736061522280496,0.04798983819680863
21,24,0.20451798005007882,-0.027368489137183965
21,25,0.1771454323498599,-0.0005647832573019508
21,26,0.28442536009447333,-0.10696408427181696
21,27,0.36979916208513436,-0.18353650536974925
21,28,0.3171909448569978,-0.12042989274064235
21,29,0.31863347877224046,-0.11214490887588302
21,30,0.29211039733341787,-0.11254999943816185
21,31,0.3812319228696788,-0.18711692525066556
21,32,0.288924316024663,-0.12379536083113016
21,33,0.21050298906075746,-0.06749598710478324
22,0,-0.0037202800632861266,0.013034834676477706
22,1,-0.00047576800454128716,0.011721231902428828
22,2,0.001843278057643483,0.011362416049568702
22,3,0.0004436603201935339,0.011622368922967854
22,4,-0.001807289803637374,0.011541870676917922
22,5,-0.007129419365609046,0.011125626204485114
22,6,-0.010619895494691122,0.01086609519325998
22,7,-0.011654342301728321,0.01047410965798985
22,8,-0.014546246558293568,0.010125830767350583
22,9,-0.014946827384401904,0.010608283519909145
22,10,-0.010773775863670473,0.011580256229091052
22,11,-0.012843125962147357,0.012111883419181358
22,12,-0.017311448736077577,0.01403718852035046
22,13,-0.026083823104568055,0.014230039417288294
22,14,-0.020794809056489665,0.014368934071377293
22,15,-0.01428094696928424,0.015410681479531854
22,16,-0.013933888483843027,0.014908965863521938
22,17,-0.02131655215033121,0.011953077134173906
22,18,-0.046793220159887954,0.008702295104783831
22,19,-0.051262554080751935,0.0011774615048426428
22,20,0.06232630783712319,-0.03141666522738818
22,21,0.20967454524131854,0.0323648497362221
22,22,0.2834923422230091,-0.0787358466572517
22,23,0.19029437938988739,-0.0389701397074848
22,24,0.18888332292765908,-0.015438062160427238
22,25,0.18503139825417253,-0.002530527728548117
22,26,0.27425971225776463,-0.09948710098412082
22,27,0.33008239316965615,-0.14348656183544994
22,28,0.38311406820837524,-0.17965018328763158
22,29,0.29061670695436953,-0.10034479466971441
22,30,0.1992482351433467,-0.011903626911417779
22,31,0.2181844544261023,-0.031944996155719746
22,32,0.31426584831235277,-0.06740552451110735
22,33,0.43243676034570105,-0.2078348680745612
23,0,-0.003735700130888709,0.013279019766902583
23,1,0.0003210319838111027,0.012504731697720805
23,2,0.001453957280986822,0.011738052162575183
23,3,0.000161148645254346,0.011284553779641214
23,4,-0.0021325891478363767,0.010952386871226703
23,5,-0.007003321474086587,0.01128145450710554
23,6,-0.010023946383780433,0.011121816095263701
23,7,-0.014792970387048333,0.010476641120151745
23,8,-0.013394650897688144,0.010708910990264614
23,9,-0.014188085594336248,0.011709437329539623
23,10,-0.01369090245061948,0.01316336030737286
23,11,-0.012179230362627769,0.013069766578940703
23,12,-0.013317121276211789,0.013384655163524418
23,13,-0.014498899168990997,0.01401325453785697
23,14,-0.018088850034722267,0.01397574987928169
23,15,-0.02091086017483044,0.013277281747200729
23,16,-0.024596545353019268,0.012905919336672551
23,17,-0.020658334783753195,0.011687442467076089
23,18,-0.030975169014745636,0.008276956983535113
23,19,-0.048965777191281146,0.006443583678925607
23,20,-0.021206047617485013,-0.01389381624522129
23,21,0.24772646171997179,-0.07344473096116734
23,22,0.23195546616041107,-0.06717365481997294
23,23,0.27242878496111955,-0.10408784612478314
23,24,0.26161557001350716,-0.08243359878983919
23,25,0.2697576518468423,-0.11313596962839077
23,26,0.28987822589698825,-0.09667956668462979
23,27,0.3674374236482718,-0.15200835838067295
23,28,0.37702181142285085,-0.1660047391221278
23,29,0.3103327925109138,-0.10332410993227681
23,30,0.24205846575432324,-0.026666029748204936
23,31,0.24302963244151768,-0.0523214992490701
23,32,0.20030989456359846,-0.0022872264771844984
23,33,0.17055116297879042,0.020846385543159415
24,0,-0.0022041226506148725,0.01336477379888987
24,1,0.0007224166342085044,0.012864562037528435
24,2,7.541489375931937e-05,0.011939041960881282
24,3,-0.0009705690443122747,0.011280932233584107
24,4,-0.004378965917241759,0.011458574440535938
24,5,-0.007801422726230319,0.011430566167966819
24,6,-0.01054124675090133,0.010910254959999588
24,7,-0.015245347025043961,0.010840360838842322
24,8,-0.012451423961337665,0.012038906510742705
24,9,-0.01042526591525009,0.012872842833919727
24,10,-0.013841513574015819,0.012411575714960935
24,11,-0.015884841784257767,0.013702574938497773
24,12,-0.020033922571260764,0.013752590232664138
24,13,-0.02339541619102085,0.014337748516583643
24,14,-0.02109339584655286,0.013662420366958956
24,15,-0.03229209090035969,0.012571326430852826
24,16,-0.030744681785632864,0.011820103311350185
24,17,-0.03812755455846226,0.01118880694618942
24,18,-0.04398053456066293,0.008549996387428349
24,19,-0.05477369997807276,0.0058612390782047125
24,20,-0.010291769878932905,-0.02152558996994555
24,21,0.2543277240808463,-0.06364308413382568
24,22,0.2640702425966921,-0.08847201216326332
24,23,0.24007218904146627,-0.09465528918688328
24,24,0.22340055893856012,-0.06360398040818696
24,25,0.31639906654836486,-0.11375826108203273
24,26,0.32353677697785127,-0.1147453615225611
24,27,0.35088504610131543,-0.14906743244415518
24,28,0.2860960934065854,-0.07769670721105308
24,29,0.24112215279224875,-0.035497748192608446
24,30,0.15710385368256127,0.0432585983876651
24,31,0.20531205866604807,-0.01817974998819379
24,32,0.168653055428901,-0.009990918376150114
24,33,0.17127959229712683,0.022245320005227654
25,0,0.00018725382344163128,0.013349133798187638
25,1,9.995311700278638e-05,0.01377792549056687
25,2,-0.0003790595571424918,0.011758024942672512
25,3,-0.0024637728136454604,0.011090996910245276
25,4,-0.007140067412105189,0.01130229693958498
25,5,-0.007911494666930382,0.01144860095066451
25,6,-0.010063579425640762,0.011160061879408536
25,7,-0.01451919215081519,0.012029045853616149
25,8,-0.009584122895726126,0.012846543879275843
25,9,-0.010308982480132812,0.013198486547111029
25,10,-0.012788485423056084,0.012911151325807824
25,11,-0.02110135167193477,0.013254749162967806
25,12,-0.0293446194141699,0.013943216322243157
25,13,-0.04999683763678671,0.013043188745928198
25,14,-0.03705790771535196,0.014026152082060874
25,15,-0.03310895552807458,0.013305080979733513
25,16,-0.04905787664846366,0.011121811109876725
25,17,-0.05057663786462218,0.010352415454309464
25,18,-0.056625871056572734,0.007585967617963768
25,19,-0.06698251604009686,0.0036973135035215446
25,20,0.07218862571740972,-0.0787411439591215
25,21,0.17843494271056878,-0.04774523111681888
25,22,0.22281128654786866,-0.031386038631381806
25,23,0.18640686899522235,-0.019281355390679048
25,24,0.1872177349825474,-0.0015791286269010367
25,25,0.23947385127578527,-0.05262765349407441
25,26,0.2598557915491175,-0.07231566487691246
25,27,0.39459614755022204,-0.1999029126993254
25,28,0.3420898346904422,-0.13967839295646925
25,29,0.2675672255275267,-0.05378317996128375
25,30,0.17829223449162246,0.001592993438876468
25,31,0.1889526826614182,-0.03344574395754077
25,32,0.2263155690495399,-0.05034379488640706
25,33,0.1751050367999204,0.003141015182379186
26,0,-0.001531364286159072,0.015838551440121966
26,1,-0.0014912737488170609,0.01530633685675864
26,2,0.0009687066136506019,0.011989820846953369
26,3,-0.0037891842976092143,0.011040340085777192
26,4,-0.008274456200656827,0.011583951406044646
26,5,-0.008254377302114136,0.01134873891356824
26,6,-0.010008847044321648,0.011795797451159907
26,7,-0.01427502089057835,0.01234080368181877
26,8,-0.015450950877634137,0.01314368616224431
26,9,-0.01141207315898262,0.013344852162163055
26,10,-0.012411844472111612,0.013294808547464234
26,11,-0.015027882140013429,0.01310394823057924
26,12,-0.027453138010885142,0.012778114432465324
26,13,-0.024699260128398463,0.012808618445664069
26,14,-0.024745900663326985,0.013204329759375865
26,15,-0.0370588240441821,0.012276295473321661
26,16,-0.030965593703953954,0.012923176417392228
26,17,-0.06343011583874342,0.010413296874036863
26,18,-0.0694262711963243,0.006557598137719327
26,19,-0.07517807396465111,-0.005089093676874984
26,20,0.11139151744987172,-0.07526706882745
26,21,0.209501258159171,-0.07343604294901582
26,22,0.23211452766458132,-0.05344794391223478
26,23,0.23036993607033138,-0.053516761639099415
26,24,0.2247921229148733,-0.03863005604977999
26,25,0.27780118419105043,-0.08824789524623898
26,26,0.3384950531633071,-0.15735594399574176
26,27,0.3171788599535017,-0.12422982170026031
26,28,0.23154077334268977,-0.02716268489150873
26,29,0.2690218337773739,-0.04987245944641881
26,30,0.17107166736013843,0.016609127537433092
26,31,0.18491101831664622,-0.03376500045580674
26,32,0.26973214802196666,-0.09176026173453276
26,33,0.2508881194260037,-0.05487621359327223
27,0,-0.002819968910046193,0.015951897385181716
27,1,-0.002671855152668761,0.016191770754551017
27,2,-0.0008649087154449324,0.013243617297353261
27,3,-0.004808760871199864,0.011441630274833647
27,4,-0.008120285670004728,0.011485839343402577
27,5,-0.00797631868907066,0.01165441658912864
27,6,-0.009687351153200175,0.011625230440622704
27,7,-0.015275736004310324,0.012628362896461121
27,8,-0.018126614825142426,0.013019647795917046
27,9,-0.012334809915595577,0.012390579089661896
27,10,-0.011184924871325276,0.012151299895129024
27,11,-0.01210280424312093,0.012361985776165627
27,12,-0.01715473473592387,0.01281291384314181
27,13,-0.020258566219144916,0.01304331319564652
27,14,-0.02888711991346522,0.013095705745317533
27,15,-0.02120995656427792,0.012389031031927586
27,16,-0.031888790734364916,0.012759380424123317
27,17,-0.08735372487290981,0.010599362529537281
27,18,-0.09245259497612299,0.0012923989520746187
27,19,-0.09319675530860293,-0.014940927763806892
27,20,0.15842000391150876,-0.08267458937773658
27,21,0.20116909378064293,-0.04870743597287105
27,22,0.20950992383833905,-0.042484676050642475
27,23,0.2747323287035759,-0.0868532454224795
27,24,0.22768506326444632,-0.014797635737186548
27,25,0.23266966763920724,-0.07128655117131404
27,26,0.2534437616585446,-0.0850139765909823
27,27,0.2866309026235061,-0.08631400498293469
27,28,0.25906365408014037,-0.04910986588542906
27,29,0.26601469723955073,-0.05590546105916305
27,30,0.19795257146878337,0.002160391014027784
27,31,0.24882273134293018,-0.048962149480672366
27,32,0.3498338423687442,-0.14659261450859865
27,33,0.42424754559240463,-0.24575966208167374
28,0,-0.003705123208163046,0.01534787870386362
28,1,-0.0028461230369611463,0.015683150406387826
28,2,-0.0028215437663354492,0.013484910171188521
28,3,-0.0074271799037107,0.01225428176776613
28,4,-0.008526755430736265,0.011294881861283187
28,5,-0.008786087524608894,0.011400834612078385
28,6,-0.012651429450299859,0.011501253454169942
28,7,-0.016375658324726417,0.011756682760524422
28,8,-0.015671691311578046,0.012785720559208786
28,9,-0.013989358806316106,0.011686980677186551
28,10,-0.01952405817674219,0.011730604931817478
28,11,-0.020123513872190805,0.011836702553904142
28,12,-0.01793325347304107,0.012128889847508416
28,13,-0.011729593336474903,0.01320538908323923
28,14,-0.012013507875213526,0.013670308920465123
28,15,-0.01683827105270268,0.012552663952287477
28,16,-0.03406911518293665,0.01159109994676248
28,17,-0.0626062835249855,0.009673863059225235
28,18,-0.07326951128225849,-0.003900958089930731
28,19,-0.03792560685008758,-0.017527311765104234
28,20,0.28135230691077995,-0.11952891418770731
28,21,0.20887946064422397,-0.05775860643869726
28,22,0.2576279179380709,-0.09396321799778644
28,23,0.21234788571887714,-0.04842120724153541
28,24,0.25172503178310474,-0.09757893069327521
28,25,0.17157367506897897,-0.02068560324390825
28,26,0.23963575822165264,-0.054242655936727176
28,27,0.21476486225331148,-0.03638955221670517
28,28,0.2609799398842595,-0.06525751709131711
28,29,0.34838100305925673,-0.1382208719450136
28,30,0.3491845535268769,-0.14245108375568558
28,31,0.32175752501559396,-0.1094393727519181
28,32,0.34485474241151665,-0.13026077822591509
28,33,0.45600184266981403,-0.26755803014242346
29,0,-0.004775173469810832,0.01625310224781145
29,1,-0.003003263312129019,0.013909206963898342
29,2,-0.0045268951896762335,0.012816970260757853
29,3,-0.009038635585793358,0.012930931714854854
29,4,-0.009500121125935028,0.011435219438172047
29,5,-0.011147088115493364,0.011409379227078662
29,6,-0.010805480755706086,0.011611824513018874
29,7,-0.019948301587851006,0.01203025316611373
29,8,-0.02059763330236001,0.011902825703804142
29,9,-0.021339771710331454,0.011566966641949585
29,10,-0.027293756482069154,0.013083893274500262
29,11,-0.038749522541275186,0.012653148842902267
29,12,-0.03910601069093558,0.013390314122481936
29,13,-0.01668099981307415,0.012924351003889221
29,14,-0.01648494497837048,0.011200502681759367
29,15,-0.015486069210954904,0.012377787102913084
29,16,-0.04958060860040434,0.011256277546224425
29,17,-0.06636389113248256,0.003908932977598279
29,18,-0.08170011908349221,-0.013426686165012853
29,19,0.0930080428253047,-0.023515087351925323
29,20,0.2949848711503294,-0.12247550544772073
29,21,0.36004274311022394,-0.18454039544426884
29,22,0.2626872882583394,-0.0836742009384245
29,23,0.1781024238276248,-0.010871640450123187
29,24,0.1538674862137598,-0.015086807319612629
29,25,0.15287399351405825,-0.007876050404816048
29,26,0.17526931275289212,-0.0011901391459167095
29,27,0.13622687231740044,0.011307826139171959
29,28,0.11919312858992703,0.01613927430657318
29,29,0.1725838501670459,-0.03537540700518672
29,30,0.15558683338138837,0.03757000843476008
29,31,0.2528486784040205,-0.0683803544161738
29,32,0.4385378640193603,-0.2530431939402726
29,33,0.43416566286431096,-0.25349232113306575
30,0,-0.00560060594813463,0.016311029890931316
30,1,-0.004282452014277974,0.01349975892496313
30,2,-0.00859586872268532,0.013456978110007936
30,3,-0.01041525952187553,0.013519518446606735
30,4,-0.013151489608195637,0.012219651439964521
30,5,-0.012608943594515839,0.011402580321104921
30,6,-0.016616689321728818,0.011480074971536313
30,7,-0.01631900487200092,0.01184968268924936
30,8,-0.02555522820343088,0.011570073988826897
30,9,-0.020736187802795795,0.010840249183577589
30,10,-0.02130401147937412,0.012487396684069603
30,11,-0.024745671316371076,0.013004414710188428
30,12,-0.03631599927314868,0.013647062280350978
30,13,-0.03837228465027103,0.011840763077323188
30,14,-0.03658178038770837,0.012409477824759771
30,15,-0.025162872813474877,0.011741258989344089
30,16,-0.04795472267570894,0.007800459157351699
30,17,-0.07912737599114812,-0.003515494305376324
30,18,-0.0933039817350457,-0.01454331495385192
30,19,0.2014029482562717,-0.08594012850754633
30,20,0.38174468990398625,-0.20731039008266058
30,21,0.4237601928074929,-0.22514785165754567
30,22,0.31597594607461654,-0.12656784105266786
30,23,0.29091773062524784,-0.1309616518767491
30,24,0.27481223592088316,-0.12975720529713078
30,25,0.264295800568828,-0.11492727091897724
30,26,0.29999150023085225,-0.11986489692592756
30,27,0.311456195617159,-0.13311523445212314
30,28,0.3010071247212719,-0.14919393264347744
30,29,0.24410351347046214,-0.09521598242235159
30,30,0.2661502355455954,-0.09409503182750785
30,31,0.2860249601831586,-0.12140152589348512
30,32,0.41725393441658315,-0.23529134113658406
30,33,0.4254901578322048,-0.24673714574799022
31,0,-0.00635250799033543,0.01530594676817091
31,1,-0.006741529967416967,0.013555596139647316
31,2,-0.010636733617037932,0.013704268713787245
31,3,-0.012027636328061147,0.01272670800993711
31,4,-0.015855269703854098,0.011559014860347102
31,5,-0.01070873964526448,0.01125892999757035
31,6,-0.013963965906715222,0.011560446555204926
31,7,-0.02045078114472436,0.012103396904399178
31,8,-0.020347513292223198,0.012392447707462463
31,9,-0.025449783028148442,0.011922710000074933
31,10,-0.01817568409247267,0.012818742228069373
31,11,-0.016378639886404145,0.01205328568808827
31,12,-0.01903654230833481,0.012081103686945913
31,13,-0.031911287078469394,0.013270968580784677
31,14,-0.04888863947346543,0.012447365397177319
31,15,-0.05979152829642236,0.006162533975342856
31,16,-0.0698695832521191,-0.004624321028577448
31,17,-0.09217918817530373,-0.006340188359107135
31,18,-0.04539946113176462,-0.030818114035306057
31,19,0.30508971095913534,-0.16361382007774555
31,20,0.40076408694161664,-0.24074240246630885
31,21,0.43148879348693026,-0.23888388043224085
31,22,0.34523975763376136,-0.15924415245898446
31,23,0.3421517135603152,-0.15785008512342763
31,24,0.29910599685430084,-0.13053743412271127
31,25,0.2566734181852565,-0.06605772242441021
31,26,0.32130701044250265,-0.12046886072744614
31,27,0.2731357226763612,-0.08788018415922874
31,28,0.34601249173822035,-0.14833850475995697
31,29,0.40570087247907255,-0.21433848828386098
31,30,0.3769457446225936,-0.2047910142323787
31,31,0.3904996604695174,-0.21674716199371197
31,32,0.45579204914054783,-0.2664956413757334
31,33,0.4438608987341245,-0.26491995491977455
32,0,-0.008155088738424575,0.014475331350580165
32,1,-0.0055486906215686345,0.007720354526170458
32,2,-0.008414795125504299,0.003975012789889306
32,3,-0.010642736402895168,0.00287582192564072
32,4,-0.017768085743151592,0.0030223409981992443
32,5,-0.022806518141526774,0.0004842940273244041
32,6,-0.022766298604210634,0.0070288315869725185
32,7,-0.03530645220021357,0.01008288263814124
32,8,-0.023711692334245946,0.009237336167578722
32,9,-0.03211683962235748,0.011572749729219855
32,10,-0.03248760331893353,0.011036704807682306
32,11,-0.03046826004205591,0.012682075408876642
32,12,-0.036465574907849616,0.013022487911148854
32,13,-0.02706003632728142,0.013538253085711735
32,14,-0.04616005329506003,0.008886656950730841
32,15,-0.07248265447394024,-0.0032586157461218196
32,16,-0.08487187814816949,-0.009849099003758712
32,17,-0.08755443209127392,-0.023400631738058914
32,18,0.21071272418231493,-0.10870718802661924
32,19,0.3829124379686525,-0.2592060786545744
32,20,0.40288238389023334,-0.22152836450693567
32,21,0.3790595308314474,-0.19555238792599258
32,22,0.31655886615695444,-0.13002724885431702
32,23,0.271620658139899,-0.11450512145358374
32,24,0.22674505410593765,-0.1252619791140931
32,25,0.3841025520209474,-0.19201645796691144
32,26,0.3942482471003229,-0.1945026508891265
32,27,0.40372488146912333,-0.19682978791128042
32,28,0.36582451802253735,-0.1969659205728589
32,29,0.4242082628634677,-0.25416172160619277
32,30,0.43099465755139227,-0.26129031130979274
32,31,0.4515810778093462,-0.2730798679463059
32,32,0.4701831110126221,-0.2854488105040675
32,33,0.4545163646030694,-0.2666796723382743
33,0,-0.0065991540233050336,0.011149567218447431
33,1,-0.006738127094966436,0.0029107615990536287
33,2,-0.007949056431576503,-0.0027627494076136734
33,3,-0.010694313752262263,-0.007734057338839127
33,4,-0.014361425286269259,-0.006753226297954393
33,5,-0.022263361495094385,-0.00734688994722855
33,6,-0.03527550879366296,-0.008589049480859425
33,7,-0.059802163119513654,-0.01569379609219566
33,8,-0.056058244702563195,-0.0171271838912085
33,9,-0.04127115941658563,-0.006726327422183774
33,10,-0.04893765078398767,-0.003006959145891199
33,11,-0.05191511505593767,0.006658454678185453
33,12,-0.06927930288270621,0.004908157109068391
33,13,-0.06949105975584487,0.005033012031158391
33,14,-0.06005600848330563,-0.0009111342783730163
33,15,-0.08044056584307409,-0.00572681474089047
33,16,-0.10299626517716362,-0.01775943331191736
33,17,0.1460161276115984,-0.09807500933925829
33,18,0.32367336305194383,-0.17008248406161108
33,19,0.36355725956731055,-0.19060816673874414
33,20,0.38220776120404304,-0.2036733959261446
33,21,0.39348954925026874,-0.21120991419953072
33,22,0.364489304327855,-0.1783654460221681
33,23,0.3931209920690328,-0.20699323762644972
33,24,0.42501317427794905,-0.2412010025500209
33,25,0.4258117902223871,-0.2277014570808113
33,26,0.4396933093843206,-0.228267976570268
33,27,0.1992563103484315,-0.1093034652240799
33,28,0.4350047773740562,-0.25575380667385866
33,29,0.43062946924054085,-0.26304368593369376
33,30,0.43095299985648083,-0.2572772246254571
33,31,0.44921081439496213,-0.268071069075343
33,32,0.4570033436350192,-0.2813804250900553
33,33,0.3446487410405088,-0.13725426307139552
